<?xml version="1.0" encoding="utf-8"?>
<appengine-web-app xmlns="http://appengine.google.com/ns/1.0">
    <!-- <application>el_id_se_edita_ahora_en_el_pom.xml</application> -->
    <threadsafe>true</threadsafe>
    <runtime>java8</runtime>
    <url-stream-handler>urlfetch</url-stream-handler>
    <sessions-enabled>true</sessions-enabled>
    <system-properties>
        <property name="java.util.logging.config.file" value="WEB-INF/logging.properties"/>
    </system-properties>
</appengine-web-app>
